Index,Group,Word
0000,???,???
0019,POKéMON2,PIKACHU
001A,POKéMON2,RAICHU
001B,POKéMON2,SANDSHREW
001C,POKéMON2,SANDSLASH
0025,POKéMON2,VULPIX
0026,POKéMON2,NINETALES
0027,POKéMON2,JIGGLYPUFF
0028,POKéMON2,WIGGLYTUFF
0029,POKéMON2,ZUBAT
002A,POKéMON2,GOLBAT
002B,POKéMON2,ODDISH
002C,POKéMON2,GLOOM
002D,POKéMON2,VILEPLUME
0036,POKéMON2,PSYDUCK
0037,POKéMON2,GOLDUCK
003F,POKéMON2,ABRA
0040,POKéMON2,KADABRA
0041,POKéMON2,ALAKAZAM
0042,POKéMON2,MACHOP
0043,POKéMON2,MACHOKE
0044,POKéMON2,MACHAMP
0048,POKéMON2,TENTACOOL
0049,POKéMON2,TENTACRUEL
004A,POKéMON2,GEODUDE
004B,POKéMON2,GRAVELER
004C,POKéMON2,GOLEM
0051,POKéMON2,MAGNEMITE
0052,POKéMON2,MAGNETON
0054,POKéMON2,DODUO
0055,POKéMON2,DODRIO
0058,POKéMON2,GRIMER
0059,POKéMON2,MUK
0064,POKéMON2,VOLTORB
0065,POKéMON2,ELECTRODE
006D,POKéMON2,KOFFING
006E,POKéMON2,WEEZING
006F,POKéMON2,RHYHORN
0070,POKéMON2,RHYDON
0074,POKéMON2,HORSEA
0075,POKéMON2,SEADRA
0076,POKéMON2,GOLDEEN
0077,POKéMON2,SEAKING
0078,POKéMON2,STARYU
0079,POKéMON2,STARMIE
007F,POKéMON2,PINSIR
0081,POKéMON2,MAGIKARP
0082,POKéMON2,GYARADOS
00A9,POKéMON2,CROBAT
00AA,POKéMON2,CHINCHOU
00AB,POKéMON2,LANTURN
00AC,POKéMON2,PICHU
00AE,POKéMON2,IGGLYBUFF
00B1,POKéMON2,NATU
00B2,POKéMON2,XATU
00B6,POKéMON2,BELLOSSOM
00B7,POKéMON2,MARILL
00B8,POKéMON2,AZUMARILL
00CA,POKéMON2,WOBBUFFET
00CB,POKéMON2,GIRAFARIG
00D6,POKéMON2,HERACROSS
00DA,POKéMON2,SLUGMA
00DB,POKéMON2,MAGCARGO
00DE,POKéMON2,CORSOLA
00E3,POKéMON2,SKARMORY
00E6,POKéMON2,KINGDRA
00E7,POKéMON2,PHANPY
00E8,POKéMON2,DONPHAN
0115,POKéMON2,TREECKO
0116,POKéMON2,GROVYLE
0117,POKéMON2,SCEPTILE
0118,POKéMON2,TORCHIC
0119,POKéMON2,COMBUSKEN
011A,POKéMON2,BLAZIKEN
011B,POKéMON2,MUDKIP
011C,POKéMON2,MARSHTOMP
011D,POKéMON2,SWAMPERT
011E,POKéMON2,POOCHYENA
011F,POKéMON2,MIGHTYENA
0120,POKéMON2,ZIGZAGOON
0121,POKéMON2,LINOONE
0122,POKéMON2,WURMPLE
0123,POKéMON2,SILCOON
0124,POKéMON2,BEAUTIFLY
0125,POKéMON2,CASCOON
0126,POKéMON2,DUSTOX
0127,POKéMON2,LOTAD
0128,POKéMON2,LOMBRE
0129,POKéMON2,LUDICOLO
012A,POKéMON2,SEEDOT
012B,POKéMON2,NUZLEAF
012C,POKéMON2,SHIFTRY
012D,POKéMON2,NINCADA
012E,POKéMON2,NINJASK
012F,POKéMON2,SHEDINJA
0130,POKéMON2,TAILLOW
0131,POKéMON2,SWELLOW
0132,POKéMON2,SHROOMISH
0133,POKéMON2,BRELOOM
0134,POKéMON2,SPINDA
0135,POKéMON2,WINGULL
0136,POKéMON2,PELIPPER
0137,POKéMON2,SURSKIT
0138,POKéMON2,MASQUERAIN
0139,POKéMON2,WAILMER
013A,POKéMON2,WAILORD
013B,POKéMON2,SKITTY
013C,POKéMON2,DELCATTY
013D,POKéMON2,KECLEON
013E,POKéMON2,BALTOY
013F,POKéMON2,CLAYDOL
0140,POKéMON2,NOSEPASS
0141,POKéMON2,TORKOAL
0142,POKéMON2,SABLEYE
0143,POKéMON2,BARBOACH
0144,POKéMON2,WHISCASH
0145,POKéMON2,LUVDISC
0146,POKéMON2,CORPHISH
0147,POKéMON2,CRAWDAUNT
0148,POKéMON2,FEEBAS
0149,POKéMON2,MILOTIC
014A,POKéMON2,CARVANHA
014B,POKéMON2,SHARPEDO
014C,POKéMON2,TRAPINCH
014D,POKéMON2,VIBRAVA
014E,POKéMON2,FLYGON
014F,POKéMON2,MAKUHITA
0150,POKéMON2,HARIYAMA
0151,POKéMON2,ELECTRIKE
0152,POKéMON2,MANECTRIC
0153,POKéMON2,NUMEL
0154,POKéMON2,CAMERUPT
0155,POKéMON2,SPHEAL
0156,POKéMON2,SEALEO
0157,POKéMON2,WALREIN
0158,POKéMON2,CACNEA
0159,POKéMON2,CACTURNE
015A,POKéMON2,SNORUNT
015B,POKéMON2,GLALIE
015C,POKéMON2,LUNATONE
015D,POKéMON2,SOLROCK
015E,POKéMON2,AZURILL
015F,POKéMON2,SPOINK
0160,POKéMON2,GRUMPIG
0161,POKéMON2,PLUSLE
0162,POKéMON2,MINUN
0163,POKéMON2,MAWILE
0164,POKéMON2,MEDITITE
0165,POKéMON2,MEDICHAM
0166,POKéMON2,SWABLU
0167,POKéMON2,ALTARIA
0168,POKéMON2,WYNAUT
0169,POKéMON2,DUSKULL
016A,POKéMON2,DUSCLOPS
016B,POKéMON2,ROSELIA
016C,POKéMON2,SLAKOTH
016D,POKéMON2,VIGOROTH
016E,POKéMON2,SLAKING
016F,POKéMON2,GULPIN
0170,POKéMON2,SWALOT
0171,POKéMON2,TROPIUS
0172,POKéMON2,WHISMUR
0173,POKéMON2,LOUDRED
0174,POKéMON2,EXPLOUD
0175,POKéMON2,CLAMPERL
0176,POKéMON2,HUNTAIL
0177,POKéMON2,GOREBYSS
0178,POKéMON2,ABSOL
0179,POKéMON2,SHUPPET
017A,POKéMON2,BANETTE
017B,POKéMON2,SEVIPER
017C,POKéMON2,ZANGOOSE
017D,POKéMON2,RELICANTH
017E,POKéMON2,ARON
017F,POKéMON2,LAIRON
0180,POKéMON2,AGGRON
0181,POKéMON2,CASTFORM
0182,POKéMON2,VOLBEAT
0183,POKéMON2,ILLUMISE
0184,POKéMON2,LILEEP
0185,POKéMON2,CRADILY
0186,POKéMON2,ANORITH
0187,POKéMON2,ARMALDO
0188,POKéMON2,RALTS
0189,POKéMON2,KIRLIA
018A,POKéMON2,GARDEVOIR
018B,POKéMON2,BAGON
018C,POKéMON2,SHELGON
018D,POKéMON2,SALAMENCE
018E,POKéMON2,BELDUM
018F,POKéMON2,METANG
0190,POKéMON2,METAGROSS
0191,POKéMON2,REGIROCK
0192,POKéMON2,REGICE
0193,POKéMON2,REGISTEEL
0194,POKéMON2,KYOGRE
0195,POKéMON2,GROUDON
0196,POKéMON2,RAYQUAZA
0197,POKéMON2,LATIAS
0198,POKéMON2,LATIOS
0199,POKéMON2,JIRACHI
019A,POKéMON2,DEOXYS
019B,POKéMON2,CHIMECHO
0200,TRAINER,I CHOOSE YOU
0201,TRAINER,GOTCHA
0202,TRAINER,TRADE
0203,TRAINER,SAPPHIRE
0204,TRAINER,EVOLVE
0205,TRAINER,ENCYCLOPEDIA
0206,TRAINER,NATURE
0207,TRAINER,CENTER
0208,TRAINER,EGG
0209,TRAINER,LINK
020A,TRAINER,SP. ABILITY
020B,TRAINER,TRAINER
020C,TRAINER,VERSION
020D,TRAINER,POKéNAV
020E,TRAINER,POKéMON2
020F,TRAINER,GET
0210,TRAINER,POKéDEX
0211,TRAINER,RUBY
0212,TRAINER,LEVEL
0213,TRAINER,RED
0214,TRAINER,GREEN
0215,TRAINER,BAG
0216,TRAINER,FLAME
0217,TRAINER,GOLD
0218,TRAINER,LEAF
0219,TRAINER,SILVER
0400,STATUS,DARK
0401,STATUS,STENCH
0402,STATUS,THICK FAT
0403,STATUS,RAIN DISH
0404,STATUS,DRIZZLE
0405,STATUS,ARENA TRAP
0406,STATUS,INTIMIDATE
0407,STATUS,ROCK HEAD
0408,STATUS,COLOR
0409,STATUS,ALT. COLOR
040A,STATUS,ROCK
040B,STATUS,BEAUTIFUL
040C,STATUS,BEAUTY
040D,STATUS,AIR LOCK
040E,STATUS,PSYCHIC
040F,STATUS,HYPER CUTTER
0410,STATUS,FIGHTING
0411,STATUS,SHADOW TAG
0412,STATUS,SMART
0413,STATUS,SMARTNESS
0414,STATUS,SPEED BOOST
0415,STATUS,COOL
0416,STATUS,COOLNESS
0417,STATUS,BATTLE ARMOR
0418,STATUS,CUTE
0419,STATUS,CUTENESS
041A,STATUS,STURDY
041B,STATUS,SUCTION CUPS
041C,STATUS,GRASS
041D,STATUS,CLEAR BODY
041E,STATUS,TORRENT
041F,STATUS,GHOST
0420,STATUS,ICE
0421,STATUS,GUTS
0422,STATUS,ROUGH SKIN
0423,STATUS,SHELL ARMOR
0424,STATUS,NATURAL CURE
0425,STATUS,DAMP
0426,STATUS,GROUND
0427,STATUS,LIMBER
0428,STATUS,MAGNET PULL
0429,STATUS,WHITE SMOKE
042A,STATUS,SYNCHRONIZE
042B,STATUS,OVERGROW
042C,STATUS,SWIFT SWIM
042D,STATUS,SAND STREAM
042E,STATUS,SAND VEIL
042F,STATUS,KEEN EYE
0430,STATUS,INNER FOCUS
0431,STATUS,STATIC
0432,STATUS,TYPE
0433,STATUS,TOUGH
0434,STATUS,TOUGHNESS
0435,STATUS,SHED SKIN
0436,STATUS,HUGE POWER
0437,STATUS,VOLT ABSORB
0438,STATUS,WATER ABSORB
0439,STATUS,ELECTRIC
043A,STATUS,FORECAST
043B,STATUS,SERENE GRACE
043C,STATUS,POISON
043D,STATUS,POISON POINT
043E,STATUS,DRAGON
043F,STATUS,TRACE
0440,STATUS,OBLIVIOUS
0441,STATUS,TRUANT
0442,STATUS,RUN AWAY
0443,STATUS,STICKY HOLD
0444,STATUS,CLOUD NINE
0445,STATUS,NORMAL
0446,STATUS,STEEL
0447,STATUS,ILLUMINATE
0448,STATUS,EARLY BIRD
0449,STATUS,HUSTLE
044A,STATUS,SHINE
044B,STATUS,FLYING
044C,STATUS,DROUGHT
044D,STATUS,LIGHTNINGROD
044E,STATUS,COMPOUNDEYES
044F,STATUS,MARVEL SCALE
0450,STATUS,WONDER GUARD
0451,STATUS,INSOMNIA
0452,STATUS,LEVITATE
0453,STATUS,PLUS
0454,STATUS,PRESSURE
0455,STATUS,LIQUID OOZE
0456,STATUS,COLOR CHANGE
0457,STATUS,SOUNDPROOF
0458,STATUS,EFFECT SPORE
0459,STATUS,PKRS
045A,STATUS,FIRE
045B,STATUS,FLAME BODY
045C,STATUS,MINUS
045D,STATUS,OWN TEMPO
045E,STATUS,MAGMA ARMOR
045F,STATUS,WATER
0460,STATUS,WATER VEIL
0461,STATUS,BUG
0462,STATUS,SWARM
0463,STATUS,CUTE CHARM
0464,STATUS,IMMUNITY
0465,STATUS,BLAZE
0466,STATUS,PICKUP
0467,STATUS,PATTERN
0468,STATUS,FLASH FIRE
0469,STATUS,VITAL SPIRIT
046A,STATUS,CHLOROPHYLL
046B,STATUS,PURE POWER
046C,STATUS,SHIELD DUST
0600,BATTLE,MATCH UP
0601,BATTLE,GO
0602,BATTLE,NO. 1
0603,BATTLE,DECIDE
0604,BATTLE,LET ME WIN
0605,BATTLE,WINS
0606,BATTLE,WIN
0607,BATTLE,WON
0608,BATTLE,IF I WIN
0609,BATTLE,WHEN I WIN
060A,BATTLE,CAN'T WIN
060B,BATTLE,CAN WIN
060C,BATTLE,NO MATCH
060D,BATTLE,SPIRIT
060E,BATTLE,DECIDED
060F,BATTLE,TRUMP CARD
0610,BATTLE,TAKE THAT
0611,BATTLE,COME ON
0612,BATTLE,ATTACK
0613,BATTLE,SURRENDER
0614,BATTLE,GUTSY
0615,BATTLE,TALENT
0616,BATTLE,STRATEGY
0617,BATTLE,SMITE
0618,BATTLE,MATCH
0619,BATTLE,VICTORY
061A,BATTLE,OFFENSIVE
061B,BATTLE,SENSE
061C,BATTLE,VERSUS
061D,BATTLE,FIGHTS
061E,BATTLE,POWER
061F,BATTLE,CHALLENGE
0620,BATTLE,STRONG
0621,BATTLE,TOO STRONG
0622,BATTLE,GO EASY
0623,BATTLE,FOE
0624,BATTLE,GENIUS
0625,BATTLE,LEGEND
0626,BATTLE,ESCAPE
0627,BATTLE,AIM
0628,BATTLE,BATTLE
0629,BATTLE,FIGHT
062A,BATTLE,RESUSCITATE
062B,BATTLE,POINTS
062C,BATTLE,SERIOUS
062D,BATTLE,GIVE UP
062E,BATTLE,LOSS
062F,BATTLE,IF I LOSE
0630,BATTLE,LOST
0631,BATTLE,LOSE
0632,BATTLE,GUARD
0633,BATTLE,PARTNER
0634,BATTLE,REJECT
0635,BATTLE,ACCEPT
0636,BATTLE,INVINCIBLE
0637,BATTLE,RECEIVED
0638,BATTLE,EASY
0639,BATTLE,WEAK
063A,BATTLE,TOO WEAK
063B,BATTLE,PUSHOVER
063C,BATTLE,LEADER
063D,BATTLE,RULE
063E,BATTLE,MOVE
0800,GREETINGS,THANKS
0801,GREETINGS,YES
0802,GREETINGS,HERE GOES
0803,GREETINGS,HERE I COME
0804,GREETINGS,HERE IT IS
0805,GREETINGS,YEAH
0806,GREETINGS,WELCOME
0807,GREETINGS,OI
0808,GREETINGS,HOW DO
0809,GREETINGS,CONGRATS
080A,GREETINGS,GIVE ME
080B,GREETINGS,SORRY
080C,GREETINGS,APOLOGIZE
080D,GREETINGS,FORGIVE
080E,GREETINGS,"HEY, THERE"
080F,GREETINGS,HELLO
0810,GREETINGS,GOOD-BYE
0811,GREETINGS,THANK YOU
0812,GREETINGS,I'VE ARRIVED
0813,GREETINGS,PARDON
0814,GREETINGS,EXCUSE
0815,GREETINGS,SEE YA
0816,GREETINGS,EXCUSE ME
0817,GREETINGS,"WELL, THEN"
0818,GREETINGS,GO AHEAD
0819,GREETINGS,APPRECIATE
081A,GREETINGS,HEY?
081B,GREETINGS,WHAT'S UP?
081C,GREETINGS,HUH?
081D,GREETINGS,NO
081E,GREETINGS,HI
081F,GREETINGS,"YEAH, YEAH"
0820,GREETINGS,BYE-BYE
0821,GREETINGS,MEET YOU
0822,GREETINGS,HEY
0823,GREETINGS,SMELL
0824,GREETINGS,LISTENING
0825,GREETINGS,HOO-HAH
0826,GREETINGS,YAHOO
0827,GREETINGS,YO
0828,GREETINGS,COME OVER
0829,GREETINGS,COUNT ON
0A00,PEOPLE,OPPONENT
0A01,PEOPLE,I
0A02,PEOPLE,YOU
0A03,PEOPLE,YOURS
0A04,PEOPLE,SON
0A05,PEOPLE,YOUR
0A06,PEOPLE,YOU'RE
0A07,PEOPLE,YOU'VE
0A08,PEOPLE,MOTHER
0A09,PEOPLE,GRANDFATHER
0A0A,PEOPLE,UNCLE
0A0B,PEOPLE,FATHER
0A0C,PEOPLE,BOY
0A0D,PEOPLE,ADULT
0A0E,PEOPLE,BROTHER
0A0F,PEOPLE,SISTER
0A10,PEOPLE,GRANDMOTHER
0A11,PEOPLE,AUNT
0A12,PEOPLE,PARENT
0A13,PEOPLE,MAN
0A14,PEOPLE,ME
0A15,PEOPLE,GIRL
0A16,PEOPLE,BABE
0A17,PEOPLE,FAMILY
0A18,PEOPLE,HER
0A19,PEOPLE,HIM
0A1A,PEOPLE,HE
0A1B,PEOPLE,PLACE
0A1C,PEOPLE,DAUGHTER
0A1D,PEOPLE,HIS
0A1E,PEOPLE,HE'S
0A1F,PEOPLE,AREN'T
0A20,PEOPLE,SIBLINGS
0A21,PEOPLE,KID
0A22,PEOPLE,CHILDREN
0A23,PEOPLE,MR.
0A24,PEOPLE,MRS.
0A25,PEOPLE,MYSELF
0A26,PEOPLE,I WAS
0A27,PEOPLE,TO ME
0A28,PEOPLE,MY
0A29,PEOPLE,I AM
0A2A,PEOPLE,I'VE
0A2B,PEOPLE,WHO
0A2C,PEOPLE,SOMEONE
0A2D,PEOPLE,WHO WAS
0A2E,PEOPLE,TO WHOM
0A2F,PEOPLE,WHOSE
0A30,PEOPLE,WHO IS
0A31,PEOPLE,IT'S
0A32,PEOPLE,LADY
0A33,PEOPLE,FRIEND
0A34,PEOPLE,ALLY
0A35,PEOPLE,PERSON
0A36,PEOPLE,DUDE
0A37,PEOPLE,THEY
0A38,PEOPLE,THEY WERE
0A39,PEOPLE,TO THEM
0A3A,PEOPLE,THEIR
0A3B,PEOPLE,THEY'RE
0A3C,PEOPLE,THEY'VE
0A3D,PEOPLE,WE
0A3E,PEOPLE,BEEN
0A3F,PEOPLE,TO US
0A40,PEOPLE,OUR
0A41,PEOPLE,WE'RE
0A42,PEOPLE,RIVAL
0A43,PEOPLE,WE'VE
0A44,PEOPLE,WOMAN
0A45,PEOPLE,SHE
0A46,PEOPLE,SHE WAS
0A47,PEOPLE,TO HER
0A48,PEOPLE,HERS
0A49,PEOPLE,SHE IS
0A4A,PEOPLE,SOME
0C00,VOICES,!
0C01,VOICES,!!
0C02,VOICES,?!
0C03,VOICES,?
0C04,VOICES,…
0C05,VOICES,…!
0C06,VOICES,………
0C07,VOICES,-
0C08,VOICES,- - -
0C09,VOICES,UH-OH
0C0A,VOICES,WAAAH
0C0B,VOICES,AHAHA
0C0C,VOICES,OH?
0C0D,VOICES,NOPE
0C0E,VOICES,URGH
0C0F,VOICES,HMM
0C10,VOICES,WHOAH
0C11,VOICES,WROOOAAR!
0C12,VOICES,WOW
0C13,VOICES,GIGGLE
0C14,VOICES,SIGH
0C15,VOICES,UNBELIEVABLE
0C16,VOICES,CRIES
0C17,VOICES,AGREE
0C18,VOICES,EH?
0C19,VOICES,CRY
0C1A,VOICES,EHEHE
0C1B,VOICES,"OI, OI, OI"
0C1C,VOICES,"OH, YEAH"
0C1D,VOICES,OH
0C1E,VOICES,OOPS
0C1F,VOICES,SHOCKED
0C20,VOICES,EEK
0C21,VOICES,GRAAAH
0C22,VOICES,GWAHAHAHA
0C23,VOICES,WAY
0C24,VOICES,TCH
0C25,VOICES,HEHE
0C26,VOICES,HAH
0C27,VOICES,YUP
0C28,VOICES,HAHAHA
0C29,VOICES,AIYEEH
0C2A,VOICES,HIYAH
0C2B,VOICES,FUFUFU
0C2C,VOICES,LOL
0C2D,VOICES,SNORT
0C2E,VOICES,HUMPH
0C2F,VOICES,HEHEHE
0C30,VOICES,HEH
0C31,VOICES,HOHOHO
0C32,VOICES,UH-HUH
0C33,VOICES,"OH, DEAR"
0C34,VOICES,ARRGH
0C35,VOICES,MUFUFU
0C36,VOICES,MMM
0C37,VOICES,OH-KAY
0C38,VOICES,OKAY
0C39,VOICES,LALALA
0C3A,VOICES,YAY
0C3B,VOICES,AWW
0C3C,VOICES,WOWEE
0C3D,VOICES,GWAH
0C3E,VOICES,WAHAHAHA
0E00,SPEECH,LISTEN
0E01,SPEECH,NOT VERY
0E02,SPEECH,MEAN
0E03,SPEECH,LIE
0E04,SPEECH,LAY
0E05,SPEECH,RECOMMEND
0E06,SPEECH,NITWIT
0E07,SPEECH,QUITE
0E08,SPEECH,FROM
0E09,SPEECH,FEELING
0E0A,SPEECH,BUT
0E0B,SPEECH,HOWEVER
0E0C,SPEECH,CASE
0E0D,SPEECH,THE
0E0E,SPEECH,MISS
0E0F,SPEECH,HOW
0E10,SPEECH,HIT
0E11,SPEECH,ENOUGH
0E12,SPEECH,A LOT
0E13,SPEECH,A LITTLE
0E14,SPEECH,ABSOLUTELY
0E15,SPEECH,AND
0E16,SPEECH,ONLY
0E17,SPEECH,AROUND
0E18,SPEECH,PROBABLY
0E19,SPEECH,IF
0E1A,SPEECH,VERY
0E1B,SPEECH,A TINY BIT
0E1C,SPEECH,WILD
0E1D,SPEECH,THAT'S
0E1E,SPEECH,JUST
0E1F,SPEECH,"EVEN SO,"
0E20,SPEECH,MUST BE
0E21,SPEECH,NATURALLY
0E22,SPEECH,"FOR NOW,"
0E23,SPEECH,UNDERSTOOD
0E24,SPEECH,JOKING
0E25,SPEECH,READY
0E26,SPEECH,SOMETHING
0E27,SPEECH,SOMEHOW
0E28,SPEECH,ALTHOUGH
0E29,SPEECH,ALSO
0E2A,SPEECH,PERFECT
0E2B,SPEECH,AS MUCH AS
0E2C,SPEECH,REALLY
0E2D,SPEECH,TRULY
0E2E,SPEECH,SERIOUSLY
0E2F,SPEECH,TOTALLY
0E30,SPEECH,UNTIL
0E31,SPEECH,AS IF
0E32,SPEECH,MOOD
0E33,SPEECH,RATHER
0E34,SPEECH,AWFULLY
0E35,SPEECH,MODE
0E36,SPEECH,MORE
0E37,SPEECH,TOO LATE
0E38,SPEECH,FINALLY
0E39,SPEECH,ANY
0E3A,SPEECH,INSTEAD
0E3B,SPEECH,FANTASTIC
1000,ENDINGS,WILL
1001,ENDINGS,WILL BE HERE
1002,ENDINGS,OR
1003,ENDINGS,TIMES
1004,ENDINGS,WONDER
1005,ENDINGS,IS IT?
1006,ENDINGS,BE
1007,ENDINGS,GIMME
1008,ENDINGS,COULD
1009,ENDINGS,LIKELY TO
100A,ENDINGS,WOULD
100B,ENDINGS,IS
100C,ENDINGS,ISN'T IT?
100D,ENDINGS,LET'S
100E,ENDINGS,OTHER
100F,ENDINGS,ARE
1010,ENDINGS,WAS
1011,ENDINGS,WERE
1012,ENDINGS,THOSE
1013,ENDINGS,ISN'T
1014,ENDINGS,WON'T
1015,ENDINGS,CAN'T
1016,ENDINGS,CAN
1017,ENDINGS,DON'T
1018,ENDINGS,DO
1019,ENDINGS,DOES
101A,ENDINGS,WHOM
101B,ENDINGS,WHICH
101C,ENDINGS,WASN'T
101D,ENDINGS,WEREN'T
101E,ENDINGS,HAVE
101F,ENDINGS,HAVEN'T
1020,ENDINGS,A
1021,ENDINGS,AN
1022,ENDINGS,NOT
1023,ENDINGS,THERE
1024,ENDINGS,OK?
1025,ENDINGS,SO
1026,ENDINGS,MAYBE
1027,ENDINGS,ABOUT
1028,ENDINGS,OVER
1029,ENDINGS,IT
102A,ENDINGS,ALL
102B,ENDINGS,FOR
102C,ENDINGS,ON
102D,ENDINGS,OFF
102E,ENDINGS,AS
102F,ENDINGS,TO
1030,ENDINGS,WITH
1031,ENDINGS,BETTER
1032,ENDINGS,EVER
1033,ENDINGS,SINCE
1034,ENDINGS,OF
1035,ENDINGS,BELONGS TO
1036,ENDINGS,AT
1037,ENDINGS,IN
1038,ENDINGS,OUT
1039,ENDINGS,TOO
103A,ENDINGS,LIKE
103B,ENDINGS,DID
103C,ENDINGS,DIDN'T
103D,ENDINGS,DOESN'T
103E,ENDINGS,WITHOUT
103F,ENDINGS,AFTER
1040,ENDINGS,BEFORE
1041,ENDINGS,WHILE
1042,ENDINGS,THAN
1043,ENDINGS,ONCE
1044,ENDINGS,ANYWHERE
1200,FEELINGS,MEET
1201,FEELINGS,PLAY
1202,FEELINGS,HURRIED
1203,FEELINGS,GOES
1204,FEELINGS,GIDDY
1205,FEELINGS,HAPPY
1206,FEELINGS,HAPPINESS
1207,FEELINGS,EXCITE
1208,FEELINGS,IMPORTANT
1209,FEELINGS,FUNNY
120A,FEELINGS,GOT
120B,FEELINGS,GO HOME
120C,FEELINGS,DISAPPOINTED
120D,FEELINGS,DISAPPOINTS
120E,FEELINGS,SAD
120F,FEELINGS,TRY
1210,FEELINGS,TRIES
1211,FEELINGS,HEARS
1212,FEELINGS,THINK
1213,FEELINGS,HEAR
1214,FEELINGS,WANTS
1215,FEELINGS,MISHEARD
1216,FEELINGS,DISLIKE
1217,FEELINGS,ANGRY
1218,FEELINGS,ANGER
1219,FEELINGS,SCARY
121A,FEELINGS,LONESOME
121B,FEELINGS,DISAPPOINT
121C,FEELINGS,JOY
121D,FEELINGS,GETS
121E,FEELINGS,NEVER
121F,FEELINGS,DARN
1220,FEELINGS,DOWNCAST
1221,FEELINGS,INCREDIBLE
1222,FEELINGS,LIKES
1223,FEELINGS,DISLIKES
1224,FEELINGS,BORING
1225,FEELINGS,CARE
1226,FEELINGS,CARES
1227,FEELINGS,ALL RIGHT
1228,FEELINGS,ADORE
1229,FEELINGS,DISASTER
122A,FEELINGS,ENJOY
122B,FEELINGS,ENJOYS
122C,FEELINGS,EAT
122D,FEELINGS,LACKING
122E,FEELINGS,BAD
122F,FEELINGS,HARD
1230,FEELINGS,TERRIBLE
1231,FEELINGS,SHOULD
1232,FEELINGS,NICE
1233,FEELINGS,DRINK
1234,FEELINGS,SURPRISE
1235,FEELINGS,FEAR
1236,FEELINGS,WANT
1237,FEELINGS,WAIT
1238,FEELINGS,SATISFIED
1239,FEELINGS,SEE
123A,FEELINGS,RARE
123B,FEELINGS,NEGATIVE
123C,FEELINGS,DONE
123D,FEELINGS,DANGER
123E,FEELINGS,DEFEATED
123F,FEELINGS,BEAT
1240,FEELINGS,GREAT
1241,FEELINGS,ROMANTIC
1242,FEELINGS,QUESTION
1243,FEELINGS,UNDERSTAND
1244,FEELINGS,UNDERSTANDS
1400,CONDITIONS,HOT
1401,CONDITIONS,EXISTS
1402,CONDITIONS,EXCESS
1403,CONDITIONS,APPROVED
1404,CONDITIONS,HAS
1405,CONDITIONS,GOOD
1406,CONDITIONS,LESS
1407,CONDITIONS,MOMENTUM
1408,CONDITIONS,GOING
1409,CONDITIONS,WEIRD
140A,CONDITIONS,BUSY
140B,CONDITIONS,TOGETHER
140C,CONDITIONS,FULL
140D,CONDITIONS,ABSENT
140E,CONDITIONS,BEING
140F,CONDITIONS,NEED
1410,CONDITIONS,TASTY
1411,CONDITIONS,SKILLED
1412,CONDITIONS,NOISY
1413,CONDITIONS,BIG
1414,CONDITIONS,LATE
1415,CONDITIONS,CLOSE
1416,CONDITIONS,DOCILE
1417,CONDITIONS,AMUSING
1418,CONDITIONS,ENTERTAINING
1419,CONDITIONS,PERFECTION
141A,CONDITIONS,PRETTY
141B,CONDITIONS,HEALTHY
141C,CONDITIONS,EXCELLENT
141D,CONDITIONS,UPSIDE DOWN
141E,CONDITIONS,COLD
141F,CONDITIONS,REFRESHING
1420,CONDITIONS,UNAVOIDABLE
1421,CONDITIONS,MUCH
1422,CONDITIONS,OVERWHELMING
1423,CONDITIONS,FABULOUS
1424,CONDITIONS,ELSE
1425,CONDITIONS,EXPENSIVE
1426,CONDITIONS,CORRECT
1427,CONDITIONS,IMPOSSIBLE
1428,CONDITIONS,SMALL
1429,CONDITIONS,DIFFERENT
142A,CONDITIONS,TIRED
142B,CONDITIONS,SKILL
142C,CONDITIONS,TOP
142D,CONDITIONS,NON-STOP
142E,CONDITIONS,PREPOSTEROUS
142F,CONDITIONS,NONE
1430,CONDITIONS,NOTHING
1431,CONDITIONS,NATURAL
1432,CONDITIONS,BECOMES
1433,CONDITIONS,LUKEWARM
1434,CONDITIONS,FAST
1435,CONDITIONS,LOW
1436,CONDITIONS,AWFUL
1437,CONDITIONS,ALONE
1438,CONDITIONS,BORED
1439,CONDITIONS,SECRET
143A,CONDITIONS,MYSTERY
143B,CONDITIONS,LACKS
143C,CONDITIONS,BEST
143D,CONDITIONS,LOUSY
143E,CONDITIONS,MISTAKE
143F,CONDITIONS,KIND
1440,CONDITIONS,WELL
1441,CONDITIONS,WEAKENED
1442,CONDITIONS,SIMPLE
1443,CONDITIONS,SEEMS
1444,CONDITIONS,BADLY
1600,ACTIONS,MEETS
1601,ACTIONS,CONCEDE
1602,ACTIONS,GIVE
1603,ACTIONS,GIVES
1604,ACTIONS,PLAYED
1605,ACTIONS,PLAYS
1606,ACTIONS,COLLECT
1607,ACTIONS,WALKING
1608,ACTIONS,WALKS
1609,ACTIONS,SAYS
160A,ACTIONS,WENT
160B,ACTIONS,SAID
160C,ACTIONS,WAKE UP
160D,ACTIONS,WAKES UP
160E,ACTIONS,ANGERS
160F,ACTIONS,TEACH
1610,ACTIONS,TEACHES
1611,ACTIONS,PLEASE
1612,ACTIONS,LEARN
1613,ACTIONS,CHANGE
1614,ACTIONS,STORY
1615,ACTIONS,TRUST
1616,ACTIONS,LAVISH
1617,ACTIONS,LISTENS
1618,ACTIONS,HEARING
1619,ACTIONS,TRAINS
161A,ACTIONS,CHOOSE
161B,ACTIONS,COME
161C,ACTIONS,CAME
161D,ACTIONS,SEARCH
161E,ACTIONS,MAKE
161F,ACTIONS,CAUSE
1620,ACTIONS,KNOW
1621,ACTIONS,KNOWS
1622,ACTIONS,REFUSE
1623,ACTIONS,STORES
1624,ACTIONS,BRAG
1625,ACTIONS,IGNORANT
1626,ACTIONS,THINKS
1627,ACTIONS,BELIEVE
1628,ACTIONS,SLIDE
1629,ACTIONS,EATS
162A,ACTIONS,USE
162B,ACTIONS,USES
162C,ACTIONS,USING
162D,ACTIONS,COULDN'T
162E,ACTIONS,CAPABLE
162F,ACTIONS,DISAPPEAR
1630,ACTIONS,APPEAR
1631,ACTIONS,THROW
1632,ACTIONS,WORRY
1633,ACTIONS,SLEPT
1634,ACTIONS,SLEEP
1635,ACTIONS,RELEASE
1636,ACTIONS,DRINKS
1637,ACTIONS,RUNS
1638,ACTIONS,RUN
1639,ACTIONS,WORKS
163A,ACTIONS,WORKING
163B,ACTIONS,TALKING
163C,ACTIONS,TALK
163D,ACTIONS,SINK
163E,ACTIONS,SMACK
163F,ACTIONS,PRETEND
1640,ACTIONS,PRAISE
1641,ACTIONS,OVERDO
1642,ACTIONS,SHOW
1643,ACTIONS,LOOKS
1644,ACTIONS,SEES
1645,ACTIONS,SEEK
1646,ACTIONS,OWN
1647,ACTIONS,TAKE
1648,ACTIONS,ALLOW
1649,ACTIONS,FORGET
164A,ACTIONS,FORGETS
164B,ACTIONS,APPEARS
164C,ACTIONS,FAINT
164D,ACTIONS,FAINTED
1800,LIFESTYLE,CHORES
1801,LIFESTYLE,HOME
1802,LIFESTYLE,MONEY
1803,LIFESTYLE,ALLOWANCE
1804,LIFESTYLE,BATH
1805,LIFESTYLE,CONVERSATION
1806,LIFESTYLE,SCHOOL
1807,LIFESTYLE,COMMEMORATE
1808,LIFESTYLE,HABIT
1809,LIFESTYLE,GROUP
180A,LIFESTYLE,WORD
180B,LIFESTYLE,STORE
180C,LIFESTYLE,SERVICE
180D,LIFESTYLE,WORK
180E,LIFESTYLE,SYSTEM
180F,LIFESTYLE,TRAIN
1810,LIFESTYLE,CLASS
1811,LIFESTYLE,LESSONS
1812,LIFESTYLE,INFORMATION
1813,LIFESTYLE,LIVING
1814,LIFESTYLE,TEACHER
1815,LIFESTYLE,TOURNAMENT
1816,LIFESTYLE,LETTER
1817,LIFESTYLE,EVENT
1818,LIFESTYLE,DIGITAL
1819,LIFESTYLE,TEST
181A,LIFESTYLE,DEPT. STORE
181B,LIFESTYLE,TELEVISION
181C,LIFESTYLE,PHONE
181D,LIFESTYLE,ITEM
181E,LIFESTYLE,NAME
181F,LIFESTYLE,NEWS
1820,LIFESTYLE,POPULAR
1821,LIFESTYLE,PARTY
1822,LIFESTYLE,STUDY
1823,LIFESTYLE,MACHINE
1824,LIFESTYLE,MAIL
1825,LIFESTYLE,MESSAGE
1826,LIFESTYLE,PROMISE
1827,LIFESTYLE,DREAM
1828,LIFESTYLE,KINDERGARTEN
1829,LIFESTYLE,LIFE
182A,LIFESTYLE,RADIO
182B,LIFESTYLE,RENTAL
182C,LIFESTYLE,WORLD
1A00,HOBBIES,IDOL
1A01,HOBBIES,ANIME
1A02,HOBBIES,SONG
1A03,HOBBIES,MOVIE
1A04,HOBBIES,SWEETS
1A05,HOBBIES,CHAT
1A06,HOBBIES,CHILD'S PLAY
1A07,HOBBIES,TOYS
1A08,HOBBIES,MUSIC
1A09,HOBBIES,CARDS
1A0A,HOBBIES,SHOPPING
1A0B,HOBBIES,CAMERA
1A0C,HOBBIES,VIEWING
1A0D,HOBBIES,SPECTATOR
1A0E,HOBBIES,GOURMET
1A0F,HOBBIES,GAME
1A10,HOBBIES,RPG
1A11,HOBBIES,COLLECTION
1A12,HOBBIES,COMPLETE
1A13,HOBBIES,MAGAZINE
1A14,HOBBIES,WALK
1A15,HOBBIES,BIKE
1A16,HOBBIES,HOBBY
1A17,HOBBIES,SPORTS
1A18,HOBBIES,SOFTWARE
1A19,HOBBIES,SONGS
1A1A,HOBBIES,DIET
1A1B,HOBBIES,TREASURE
1A1C,HOBBIES,TRAVEL
1A1D,HOBBIES,DANCE
1A1E,HOBBIES,CHANNEL
1A1F,HOBBIES,MAKING
1A20,HOBBIES,FISHING
1A21,HOBBIES,DATE
1A22,HOBBIES,DESIGN
1A23,HOBBIES,LOCOMOTIVE
1A24,HOBBIES,PLUSH DOLL
1A25,HOBBIES,PC
1A26,HOBBIES,FLOWERS
1A27,HOBBIES,HERO
1A28,HOBBIES,NAP
1A29,HOBBIES,HEROINE
1A2A,HOBBIES,FASHION
1A2B,HOBBIES,ADVENTURE
1A2C,HOBBIES,BOARD
1A2D,HOBBIES,BALL
1A2E,HOBBIES,BOOK
1A2F,HOBBIES,FESTIVAL
1A30,HOBBIES,COMICS
1A31,HOBBIES,HOLIDAY
1A32,HOBBIES,PLANS
1A33,HOBBIES,TRENDY
1A34,HOBBIES,VACATION
1A35,HOBBIES,LOOK
1C00,TIME,FALL
1C01,TIME,MORNING
1C02,TIME,TOMORROW
1C03,TIME,LAST
1C04,TIME,DAY
1C05,TIME,SOMETIME
1C06,TIME,ALWAYS
1C07,TIME,CURRENT
1C08,TIME,FOREVER
1C09,TIME,DAYS
1C0A,TIME,END
1C0B,TIME,TUESDAY
1C0C,TIME,YESTERDAY
1C0D,TIME,TODAY
1C0E,TIME,FRIDAY
1C0F,TIME,MONDAY
1C10,TIME,LATER
1C11,TIME,EARLIER
1C12,TIME,ANOTHER
1C13,TIME,TIME
1C14,TIME,FINISH
1C15,TIME,WEDNESDAY
1C16,TIME,SOON
1C17,TIME,START
1C18,TIME,MONTH
1C19,TIME,STOP
1C1A,TIME,NOW
1C1B,TIME,FINAL
1C1C,TIME,NEXT
1C1D,TIME,AGE
1C1E,TIME,SATURDAY
1C1F,TIME,SUMMER
1C20,TIME,SUNDAY
1C21,TIME,BEGINNING
1C22,TIME,SPRING
1C23,TIME,DAYTIME
1C24,TIME,WINTER
1C25,TIME,DAILY
1C26,TIME,OLDEN
1C27,TIME,ALMOST
1C28,TIME,NEARLY
1C29,TIME,THURSDAY
1C2A,TIME,NIGHTTIME
1C2B,TIME,NIGHT
1C2C,TIME,WEEK
1E00,MISC.,HIGHS
1E01,MISC.,LOWS
1E02,MISC.,UM
1E03,MISC.,REAR
1E04,MISC.,THINGS
1E05,MISC.,THING
1E06,MISC.,BELOW
1E07,MISC.,ABOVE
1E08,MISC.,BACK
1E09,MISC.,HIGH
1E0A,MISC.,HERE
1E0B,MISC.,INSIDE
1E0C,MISC.,OUTSIDE
1E0D,MISC.,BESIDE
1E0E,MISC.,THIS IS IT!
1E0F,MISC.,THIS
1E10,MISC.,EVERY
1E11,MISC.,THESE
1E12,MISC.,THESE WERE
1E13,MISC.,DOWN
1E14,MISC.,THAT
1E15,MISC.,THOSE ARE
1E16,MISC.,THOSE WERE
1E17,MISC.,THAT'S IT!
1E18,MISC.,AM
1E19,MISC.,THAT WAS
1E1A,MISC.,FRONT
1E1B,MISC.,UP
1E1C,MISC.,CHOICE
1E1D,MISC.,FAR
1E1E,MISC.,AWAY
1E1F,MISC.,NEAR
1E20,MISC.,WHERE
1E21,MISC.,WHEN
1E22,MISC.,WHAT
1E23,MISC.,DEEP
1E24,MISC.,SHALLOW
1E25,MISC.,WHY
1E26,MISC.,CONFUSED
1E27,MISC.,OPPOSITE
1E28,MISC.,LEFT
1E29,MISC.,RIGHT
2000,ADJECTIVES,WANDERING
2001,ADJECTIVES,RICKETY
2002,ADJECTIVES,ROCK-SOLID
2003,ADJECTIVES,HUNGRY
2004,ADJECTIVES,TIGHT
2005,ADJECTIVES,TICKLISH
2006,ADJECTIVES,TWIRLING
2007,ADJECTIVES,SPIRALING
2008,ADJECTIVES,THIRSTY
2009,ADJECTIVES,LOLLING
200A,ADJECTIVES,SILKY
200B,ADJECTIVES,SADLY
200C,ADJECTIVES,HOPELESS
200D,ADJECTIVES,USELESS
200E,ADJECTIVES,DROOLING
200F,ADJECTIVES,EXCITING
2010,ADJECTIVES,THICK
2011,ADJECTIVES,SMOOTH
2012,ADJECTIVES,SLIMY
2013,ADJECTIVES,THIN
2014,ADJECTIVES,BREAK
2015,ADJECTIVES,VORACIOUS
2016,ADJECTIVES,SCATTER
2017,ADJECTIVES,AWESOME
2018,ADJECTIVES,WIMPY
2019,ADJECTIVES,WOBBLY
201A,ADJECTIVES,SHAKY
201B,ADJECTIVES,RIPPED
201C,ADJECTIVES,SHREDDED
201D,ADJECTIVES,INCREASING
201E,ADJECTIVES,YET
201F,ADJECTIVES,DESTROYED
2020,ADJECTIVES,FIERY
2021,ADJECTIVES,LOVEY-DOVEY
2022,ADJECTIVES,HAPPILY
2023,ADJECTIVES,ANTICIPATION
2200,EVENTS,APPEAL
2201,EVENTS,EVENTS
2202,EVENTS,STAY-AT-HOME
2203,EVENTS,BERRY
2204,EVENTS,CONTEST
2205,EVENTS,MC
2206,EVENTS,JUDGE
2207,EVENTS,SUPER
2208,EVENTS,STAGE
2209,EVENTS,HALL OF FAME
220A,EVENTS,EVOLUTION
220B,EVENTS,HYPER
220C,EVENTS,BATTLE TOWER
220D,EVENTS,LEADERS
220E,EVENTS,BATTLE ROOM
220F,EVENTS,HIDDEN
2210,EVENTS,SECRET BASE
2211,EVENTS,BLEND
2212,EVENTS,POKéBLOCK
2213,EVENTS,MASTER
2214,EVENTS,RANK
2215,EVENTS,RIBBON
2216,EVENTS,CRUSH
2217,EVENTS,DIRECT
2218,EVENTS,TOWER
2219,EVENTS,UNION
221A,EVENTS,ROOM
221B,EVENTS,WIRELESS
2402,MOVE 1,KARATE CHOP
2403,MOVE 1,DOUBLESLAP
2409,MOVE 1,THUNDERPUNCH
240D,MOVE 1,RAZOR WIND
240F,MOVE 1,CUT
2410,MOVE 1,GUST
2413,MOVE 1,FLY
2414,MOVE 1,BIND
241C,MOVE 1,SAND-ATTACK
241D,MOVE 1,HEADBUTT
2425,MOVE 1,THRASH
2426,MOVE 1,DOUBLE-EDGE
2427,MOVE 1,TAIL WHIP
242C,MOVE 1,BITE
242F,MOVE 1,SING
2431,MOVE 1,SONICBOOM
2432,MOVE 1,DISABLE
2435,MOVE 1,FLAMETHROWER
2436,MOVE 1,MIST
243C,MOVE 1,PSYBEAM
243E,MOVE 1,AURORA BEAM
2442,MOVE 1,SUBMISSION
2443,MOVE 1,LOW KICK
2444,MOVE 1,COUNTER
2446,MOVE 1,STRENGTH
2447,MOVE 1,ABSORB
244A,MOVE 1,GROWTH
244C,MOVE 1,SOLARBEAM
244E,MOVE 1,STUN SPORE
2451,MOVE 1,STRING SHOT
2455,MOVE 1,THUNDERBOLT
2457,MOVE 1,THUNDER
2458,MOVE 1,ROCK THROW
2459,MOVE 1,EARTHQUAKE
245A,MOVE 1,FISSURE
245B,MOVE 1,DIG
245E,MOVE 1,PSYCHIC
245F,MOVE 1,HYPNOSIS
2461,MOVE 1,AGILITY
2463,MOVE 1,RAGE
2467,MOVE 1,SCREECH
2468,MOVE 1,DOUBLE TEAM
2469,MOVE 1,RECOVER
246A,MOVE 1,HARDEN
246C,MOVE 1,SMOKESCREEN
246D,MOVE 1,CONFUSE RAY
246E,MOVE 1,WITHDRAW
2472,MOVE 1,HAZE
2474,MOVE 1,FOCUS ENERGY
2475,MOVE 1,BIDE
2477,MOVE 1,MIRROR MOVE
2478,MOVE 1,SELFDESTRUCT
247A,MOVE 1,LICK
247B,MOVE 1,SMOG
2480,MOVE 1,CLAMP
2481,MOVE 1,SWIFT
2484,MOVE 1,CONSTRICT
2486,MOVE 1,KINESIS
248D,MOVE 1,LEECH LIFE
248E,MOVE 1,LOVELY KISS
248F,MOVE 1,SKY ATTACK
2491,MOVE 1,BUBBLE
2493,MOVE 1,SPORE
2495,MOVE 1,PSYWAVE
2498,MOVE 1,CRABHAMMER
249D,MOVE 1,ROCK SLIDE
249F,MOVE 1,SHARPEN
24A2,MOVE 1,SUPER FANG
24A3,MOVE 1,SLASH
24A6,MOVE 1,SKETCH
24A9,MOVE 1,SPIDER WEB
24AA,MOVE 1,MIND READER
24AB,MOVE 1,NIGHTMARE
24AC,MOVE 1,FLAME WHEEL
24AD,MOVE 1,SNORE
24AF,MOVE 1,FLAIL
24B1,MOVE 1,AEROBLAST
24B3,MOVE 1,REVERSAL
24B4,MOVE 1,SPITE
24B5,MOVE 1,POWDER SNOW
24B8,MOVE 1,SCARY FACE
24BE,MOVE 1,OCTAZOOKA
24C4,MOVE 1,ICY WIND
24C8,MOVE 1,OUTRAGE
24C9,MOVE 1,SANDSTORM
24CA,MOVE 1,GIGA DRAIN
24CB,MOVE 1,ENDURE
24CC,MOVE 1,CHARM
24CD,MOVE 1,ROLLOUT
24CF,MOVE 1,SWAGGER
24D1,MOVE 1,SPARK
24D4,MOVE 1,MEAN LOOK
24D7,MOVE 1,HEAL BELL
24D8,MOVE 1,RETURN
24DB,MOVE 1,SAFEGUARD
24DC,MOVE 1,PAIN SPLIT
24DD,MOVE 1,SACRED FIRE
24E3,MOVE 1,ENCORE
24E4,MOVE 1,PURSUIT
24E5,MOVE 1,RAPID SPIN
24E6,MOVE 1,SWEET SCENT
24E7,MOVE 1,IRON TAIL
24E9,MOVE 1,VITAL THROW
24EA,MOVE 1,MORNING SUN
24EB,MOVE 1,SYNTHESIS
24EE,MOVE 1,CROSS CHOP
24F0,MOVE 1,RAIN DANCE
24F2,MOVE 1,CRUNCH
24F4,MOVE 1,PSYCH UP
24F5,MOVE 1,EXTREMESPEED
24F6,MOVE 1,ANCIENTPOWER
24F7,MOVE 1,SHADOW BALL
24F9,MOVE 1,ROCK SMASH
24FA,MOVE 1,WHIRLPOOL
24FD,MOVE 1,UPROAR
2502,MOVE 1,HAIL
2503,MOVE 1,TORMENT
2504,MOVE 1,FLATTER
2505,MOVE 1,WILL-O-WISP
2506,MOVE 1,MEMENTO
2507,MOVE 1,FACADE
2508,MOVE 1,FOCUS PUNCH
2509,MOVE 1,SMELLINGSALT
250A,MOVE 1,FOLLOW ME
250B,MOVE 1,NATURE POWER
250C,MOVE 1,CHARGE
2518,MOVE 1,BRICK BREAK
2519,MOVE 1,YAWN
251B,MOVE 1,ENDEAVOR
251D,MOVE 1,SKILL SWAP
2520,MOVE 1,GRUDGE
252D,MOVE 1,ICE BALL
2535,MOVE 1,METEOR MASH
2536,MOVE 1,ASTONISH
2537,MOVE 1,WEATHER BALL
2538,MOVE 1,AROMATHERAPY
2539,MOVE 1,FAKE TEARS
253A,MOVE 1,AIR CUTTER
253B,MOVE 1,OVERHEAT
253C,MOVE 1,ODOR SLEUTH
253D,MOVE 1,ROCK TOMB
253E,MOVE 1,SILVER WIND
253F,MOVE 1,METAL SOUND
2540,MOVE 1,GRASSWHISTLE
2541,MOVE 1,TICKLE
2542,MOVE 1,COSMIC POWER
2543,MOVE 1,WATER SPOUT
2544,MOVE 1,SIGNAL BEAM
2545,MOVE 1,SHADOW PUNCH
2546,MOVE 1,EXTRASENSORY
2547,MOVE 1,SKY UPPERCUT
2548,MOVE 1,SAND TOMB
2549,MOVE 1,SHEER COLD
2562,MOVE 1,PSYCHO BOOST
2601,MOVE 2,POUND
2604,MOVE 2,COMET PUNCH
2605,MOVE 2,MEGA PUNCH
2606,MOVE 2,PAY DAY
2607,MOVE 2,FIRE PUNCH
2608,MOVE 2,ICE PUNCH
260A,MOVE 2,SCRATCH
260B,MOVE 2,VICEGRIP
260C,MOVE 2,GUILLOTINE
260E,MOVE 2,SWORDS DANCE
2611,MOVE 2,WING ATTACK
2612,MOVE 2,WHIRLWIND
2615,MOVE 2,SLAM
2616,MOVE 2,VINE WHIP
2617,MOVE 2,STOMP
2618,MOVE 2,DOUBLE KICK
2619,MOVE 2,MEGA KICK
261A,MOVE 2,JUMP KICK
261B,MOVE 2,ROLLING KICK
261E,MOVE 2,HORN ATTACK
261F,MOVE 2,FURY ATTACK
2620,MOVE 2,HORN DRILL
2621,MOVE 2,TACKLE
2622,MOVE 2,BODY SLAM
2623,MOVE 2,WRAP
2624,MOVE 2,TAKE DOWN
2628,MOVE 2,POISON STING
2629,MOVE 2,TWINEEDLE
262A,MOVE 2,PIN MISSILE
262B,MOVE 2,LEER
262D,MOVE 2,GROWL
262E,MOVE 2,ROAR
2630,MOVE 2,SUPERSONIC
2633,MOVE 2,ACID
2634,MOVE 2,EMBER
2637,MOVE 2,WATER GUN
2638,MOVE 2,HYDRO PUMP
2639,MOVE 2,SURF
263A,MOVE 2,ICE BEAM
263B,MOVE 2,BLIZZARD
263D,MOVE 2,BUBBLEBEAM
263F,MOVE 2,HYPER BEAM
2640,MOVE 2,PECK
2641,MOVE 2,DRILL PECK
2645,MOVE 2,SEISMIC TOSS
2648,MOVE 2,MEGA DRAIN
2649,MOVE 2,LEECH SEED
264B,MOVE 2,RAZOR LEAF
264D,MOVE 2,POISONPOWDER
264F,MOVE 2,SLEEP POWDER
2650,MOVE 2,PETAL DANCE
2652,MOVE 2,DRAGON RAGE
2653,MOVE 2,FIRE SPIN
2654,MOVE 2,THUNDERSHOCK
2656,MOVE 2,THUNDER WAVE
265C,MOVE 2,TOXIC
265D,MOVE 2,CONFUSION
2660,MOVE 2,MEDITATE
2662,MOVE 2,QUICK ATTACK
2664,MOVE 2,TELEPORT
2665,MOVE 2,NIGHT SHADE
2666,MOVE 2,MIMIC
266B,MOVE 2,MINIMIZE
266F,MOVE 2,DEFENSE CURL
2670,MOVE 2,BARRIER
2671,MOVE 2,LIGHT SCREEN
2673,MOVE 2,REFLECT
2676,MOVE 2,METRONOME
2679,MOVE 2,EGG BOMB
267C,MOVE 2,SLUDGE
267D,MOVE 2,BONE CLUB
267E,MOVE 2,FIRE BLAST
267F,MOVE 2,WATERFALL
2682,MOVE 2,SKULL BASH
2683,MOVE 2,SPIKE CANNON
2685,MOVE 2,AMNESIA
2687,MOVE 2,SOFTBOILED
2688,MOVE 2,HI JUMP KICK
2689,MOVE 2,GLARE
268A,MOVE 2,DREAM EATER
268B,MOVE 2,POISON GAS
268C,MOVE 2,BARRAGE
2690,MOVE 2,TRANSFORM
2692,MOVE 2,DIZZY PUNCH
2694,MOVE 2,FLASH
2696,MOVE 2,SPLASH
2697,MOVE 2,ACID ARMOR
2699,MOVE 2,EXPLOSION
269A,MOVE 2,FURY SWIPES
269B,MOVE 2,BONEMERANG
269C,MOVE 2,REST
269E,MOVE 2,HYPER FANG
26A0,MOVE 2,CONVERSION
26A1,MOVE 2,TRI ATTACK
26A4,MOVE 2,SUBSTITUTE
26A5,MOVE 2,STRUGGLE
26A7,MOVE 2,TRIPLE KICK
26A8,MOVE 2,THIEF
26AE,MOVE 2,CURSE
26B0,MOVE 2,CONVERSION 2
26B2,MOVE 2,COTTON SPORE
26B6,MOVE 2,PROTECT
26B7,MOVE 2,MACH PUNCH
26B9,MOVE 2,FAINT ATTACK
26BA,MOVE 2,SWEET KISS
26BB,MOVE 2,BELLY DRUM
26BC,MOVE 2,SLUDGE BOMB
26BD,MOVE 2,MUD-SLAP
26BF,MOVE 2,SPIKES
26C0,MOVE 2,ZAP CANNON
26C1,MOVE 2,FORESIGHT
26C2,MOVE 2,DESTINY BOND
26C3,MOVE 2,PERISH SONG
26C5,MOVE 2,DETECT
26C6,MOVE 2,BONE RUSH
26C7,MOVE 2,LOCK-ON
26CE,MOVE 2,FALSE SWIPE
26D0,MOVE 2,MILK DRINK
26D2,MOVE 2,FURY CUTTER
26D3,MOVE 2,STEEL WING
26D5,MOVE 2,ATTRACT
26D6,MOVE 2,SLEEP TALK
26D9,MOVE 2,PRESENT
26DA,MOVE 2,FRUSTRATION
26DE,MOVE 2,MAGNITUDE
26DF,MOVE 2,DYNAMICPUNCH
26E0,MOVE 2,MEGAHORN
26E1,MOVE 2,DRAGONBREATH
26E2,MOVE 2,BATON PASS
26E8,MOVE 2,METAL CLAW
26EC,MOVE 2,MOONLIGHT
26ED,MOVE 2,HIDDEN POWER
26EF,MOVE 2,TWISTER
26F1,MOVE 2,SUNNY DAY
26F3,MOVE 2,MIRROR COAT
26F8,MOVE 2,FUTURE SIGHT
26FB,MOVE 2,BEAT UP
26FC,MOVE 2,FAKE OUT
26FE,MOVE 2,STOCKPILE
26FF,MOVE 2,SPIT UP
2700,MOVE 2,SWALLOW
2701,MOVE 2,HEAT WAVE
270D,MOVE 2,TAUNT
270E,MOVE 2,HELPING HAND
270F,MOVE 2,TRICK
2710,MOVE 2,ROLE PLAY
2711,MOVE 2,WISH
2712,MOVE 2,ASSIST
2713,MOVE 2,INGRAIN
2714,MOVE 2,SUPERPOWER
2715,MOVE 2,MAGIC COAT
2716,MOVE 2,RECYCLE
2717,MOVE 2,REVENGE
271A,MOVE 2,KNOCK OFF
271C,MOVE 2,ERUPTION
271E,MOVE 2,IMPRISON
271F,MOVE 2,REFRESH
2721,MOVE 2,SNATCH
2722,MOVE 2,SECRET POWER
2723,MOVE 2,DIVE
2724,MOVE 2,ARM THRUST
2725,MOVE 2,CAMOUFLAGE
2726,MOVE 2,TAIL GLOW
2727,MOVE 2,LUSTER PURGE
2728,MOVE 2,MIST BALL
2729,MOVE 2,FEATHERDANCE
272A,MOVE 2,TEETER DANCE
272B,MOVE 2,BLAZE KICK
272C,MOVE 2,MUD SPORT
272E,MOVE 2,NEEDLE ARM
272F,MOVE 2,SLACK OFF
2730,MOVE 2,HYPER VOICE
2731,MOVE 2,POISON FANG
2732,MOVE 2,CRUSH CLAW
2733,MOVE 2,BLAST BURN
2734,MOVE 2,HYDRO CANNON
274A,MOVE 2,MUDDY WATER
274B,MOVE 2,BULLET SEED
274C,MOVE 2,AERIAL ACE
274D,MOVE 2,ICICLE SPEAR
274E,MOVE 2,IRON DEFENSE
274F,MOVE 2,BLOCK
2750,MOVE 2,HOWL
2751,MOVE 2,DRAGON CLAW
2752,MOVE 2,FRENZY PLANT
2753,MOVE 2,BULK UP
2754,MOVE 2,BOUNCE
2755,MOVE 2,MUD SHOT
2756,MOVE 2,POISON TAIL
2757,MOVE 2,COVET
2758,MOVE 2,VOLT TACKLE
2759,MOVE 2,MAGICAL LEAF
275A,MOVE 2,WATER SPORT
275B,MOVE 2,CALM MIND
275C,MOVE 2,LEAF BLADE
275D,MOVE 2,DRAGON DANCE
275E,MOVE 2,ROCK BLAST
275F,MOVE 2,SHOCK WAVE
2760,MOVE 2,WATER PULSE
2761,MOVE 2,DOOM DESIRE
2A01,POKéMON,BULBASAUR
2A02,POKéMON,IVYSAUR
2A03,POKéMON,VENUSAUR
2A04,POKéMON,CHARMANDER
2A05,POKéMON,CHARMELEON
2A06,POKéMON,CHARIZARD
2A07,POKéMON,SQUIRTLE
2A08,POKéMON,WARTORTLE
2A09,POKéMON,BLASTOISE
2A0A,POKéMON,CATERPIE
2A0B,POKéMON,METAPOD
2A0C,POKéMON,BUTTERFREE
2A0D,POKéMON,WEEDLE
2A0E,POKéMON,KAKUNA
2A0F,POKéMON,BEEDRILL
2A10,POKéMON,PIDGEY
2A11,POKéMON,PIDGEOTTO
2A12,POKéMON,PIDGEOT
2A13,POKéMON,RATTATA
2A14,POKéMON,RATICATE
2A15,POKéMON,SPEAROW
2A16,POKéMON,FEAROW
2A17,POKéMON,EKANS
2A18,POKéMON,ARBOK
2A19,POKéMON,PIKACHU
2A1A,POKéMON,RAICHU
2A1B,POKéMON,SANDSHREW
2A1C,POKéMON,SANDSLASH
2A1D,POKéMON,NIDORAN♀
2A1E,POKéMON,NIDORINA
2A1F,POKéMON,NIDOQUEEN
2A20,POKéMON,NIDORAN♂
2A21,POKéMON,NIDORINO
2A22,POKéMON,NIDOKING
2A23,POKéMON,CLEFAIRY
2A24,POKéMON,CLEFABLE
2A25,POKéMON,VULPIX
2A26,POKéMON,NINETALES
2A27,POKéMON,JIGGLYPUFF
2A28,POKéMON,WIGGLYTUFF
2A29,POKéMON,ZUBAT
2A2A,POKéMON,GOLBAT
2A2B,POKéMON,ODDISH
2A2C,POKéMON,GLOOM
2A2D,POKéMON,VILEPLUME
2A2E,POKéMON,PARAS
2A2F,POKéMON,PARASECT
2A30,POKéMON,VENONAT
2A31,POKéMON,VENOMOTH
2A32,POKéMON,DIGLETT
2A33,POKéMON,DUGTRIO
2A34,POKéMON,MEOWTH
2A35,POKéMON,PERSIAN
2A36,POKéMON,PSYDUCK
2A37,POKéMON,GOLDUCK
2A38,POKéMON,MANKEY
2A39,POKéMON,PRIMEAPE
2A3A,POKéMON,GROWLITHE
2A3B,POKéMON,ARCANINE
2A3C,POKéMON,POLIWAG
2A3D,POKéMON,POLIWHIRL
2A3E,POKéMON,POLIWRATH
2A3F,POKéMON,ABRA
2A40,POKéMON,KADABRA
2A41,POKéMON,ALAKAZAM
2A42,POKéMON,MACHOP
2A43,POKéMON,MACHOKE
2A44,POKéMON,MACHAMP
2A45,POKéMON,BELLSPROUT
2A46,POKéMON,WEEPINBELL
2A47,POKéMON,VICTREEBEL
2A48,POKéMON,TENTACOOL
2A49,POKéMON,TENTACRUEL
2A4A,POKéMON,GEODUDE
2A4B,POKéMON,GRAVELER
2A4C,POKéMON,GOLEM
2A4D,POKéMON,PONYTA
2A4E,POKéMON,RAPIDASH
2A4F,POKéMON,SLOWPOKE
2A50,POKéMON,SLOWBRO
2A51,POKéMON,MAGNEMITE
2A52,POKéMON,MAGNETON
2A53,POKéMON,FARFETCH'D
2A54,POKéMON,DODUO
2A55,POKéMON,DODRIO
2A56,POKéMON,SEEL
2A57,POKéMON,DEWGONG
2A58,POKéMON,GRIMER
2A59,POKéMON,MUK
2A5A,POKéMON,SHELLDER
2A5B,POKéMON,CLOYSTER
2A5C,POKéMON,GASTLY
2A5D,POKéMON,HAUNTER
2A5E,POKéMON,GENGAR
2A5F,POKéMON,ONIX
2A60,POKéMON,DROWZEE
2A61,POKéMON,HYPNO
2A62,POKéMON,KRABBY
2A63,POKéMON,KINGLER
2A64,POKéMON,VOLTORB
2A65,POKéMON,ELECTRODE
2A66,POKéMON,EXEGGCUTE
2A67,POKéMON,EXEGGUTOR
2A68,POKéMON,CUBONE
2A69,POKéMON,MAROWAK
2A6A,POKéMON,HITMONLEE
2A6B,POKéMON,HITMONCHAN
2A6C,POKéMON,LICKITUNG
2A6D,POKéMON,KOFFING
2A6E,POKéMON,WEEZING
2A6F,POKéMON,RHYHORN
2A70,POKéMON,RHYDON
2A71,POKéMON,CHANSEY
2A72,POKéMON,TANGELA
2A73,POKéMON,KANGASKHAN
2A74,POKéMON,HORSEA
2A75,POKéMON,SEADRA
2A76,POKéMON,GOLDEEN
2A77,POKéMON,SEAKING
2A78,POKéMON,STARYU
2A79,POKéMON,STARMIE
2A7A,POKéMON,MR. MIME
2A7B,POKéMON,SCYTHER
2A7C,POKéMON,JYNX
2A7D,POKéMON,ELECTABUZZ
2A7E,POKéMON,MAGMAR
2A7F,POKéMON,PINSIR
2A80,POKéMON,TAUROS
2A81,POKéMON,MAGIKARP
2A82,POKéMON,GYARADOS
2A83,POKéMON,LAPRAS
2A84,POKéMON,DITTO
2A85,POKéMON,EEVEE
2A86,POKéMON,VAPOREON
2A87,POKéMON,JOLTEON
2A88,POKéMON,FLAREON
2A89,POKéMON,PORYGON
2A8A,POKéMON,OMANYTE
2A8B,POKéMON,OMASTAR
2A8C,POKéMON,KABUTO
2A8D,POKéMON,KABUTOPS
2A8E,POKéMON,AERODACTYL
2A8F,POKéMON,SNORLAX
2A90,POKéMON,ARTICUNO
2A91,POKéMON,ZAPDOS
2A92,POKéMON,MOLTRES
2A93,POKéMON,DRATINI
2A94,POKéMON,DRAGONAIR
2A95,POKéMON,DRAGONITE
2A96,POKéMON,MEWTWO
2A97,POKéMON,MEW
2A98,POKéMON,CHIKORITA
2A99,POKéMON,BAYLEEF
2A9A,POKéMON,MEGANIUM
2A9B,POKéMON,CYNDAQUIL
2A9C,POKéMON,QUILAVA
2A9D,POKéMON,TYPHLOSION
2A9E,POKéMON,TOTODILE
2A9F,POKéMON,CROCONAW
2AA0,POKéMON,FERALIGATR
2AA1,POKéMON,SENTRET
2AA2,POKéMON,FURRET
2AA3,POKéMON,HOOTHOOT
2AA4,POKéMON,NOCTOWL
2AA5,POKéMON,LEDYBA
2AA6,POKéMON,LEDIAN
2AA7,POKéMON,SPINARAK
2AA8,POKéMON,ARIADOS
2AA9,POKéMON,CROBAT
2AAA,POKéMON,CHINCHOU
2AAB,POKéMON,LANTURN
2AAC,POKéMON,PICHU
2AAD,POKéMON,CLEFFA
2AAE,POKéMON,IGGLYBUFF
2AAF,POKéMON,TOGEPI
2AB0,POKéMON,TOGETIC
2AB1,POKéMON,NATU
2AB2,POKéMON,XATU
2AB3,POKéMON,MAREEP
2AB4,POKéMON,FLAAFFY
2AB5,POKéMON,AMPHAROS
2AB6,POKéMON,BELLOSSOM
2AB7,POKéMON,MARILL
2AB8,POKéMON,AZUMARILL
2AB9,POKéMON,SUDOWOODO
2ABA,POKéMON,POLITOED
2ABB,POKéMON,HOPPIP
2ABC,POKéMON,SKIPLOOM
2ABD,POKéMON,JUMPLUFF
2ABE,POKéMON,AIPOM
2ABF,POKéMON,SUNKERN
2AC0,POKéMON,SUNFLORA
2AC1,POKéMON,YANMA
2AC2,POKéMON,WOOPER
2AC3,POKéMON,QUAGSIRE
2AC4,POKéMON,ESPEON
2AC5,POKéMON,UMBREON
2AC6,POKéMON,MURKROW
2AC7,POKéMON,SLOWKING
2AC8,POKéMON,MISDREAVUS
2AC9,POKéMON,UNOWN
2ACA,POKéMON,WOBBUFFET
2ACB,POKéMON,GIRAFARIG
2ACC,POKéMON,PINECO
2ACD,POKéMON,FORRETRESS
2ACE,POKéMON,DUNSPARCE
2ACF,POKéMON,GLIGAR
2AD0,POKéMON,STEELIX
2AD1,POKéMON,SNUBBULL
2AD2,POKéMON,GRANBULL
2AD3,POKéMON,QWILFISH
2AD4,POKéMON,SCIZOR
2AD5,POKéMON,SHUCKLE
2AD6,POKéMON,HERACROSS
2AD7,POKéMON,SNEASEL
2AD8,POKéMON,TEDDIURSA
2AD9,POKéMON,URSARING
2ADA,POKéMON,SLUGMA
2ADB,POKéMON,MAGCARGO
2ADC,POKéMON,SWINUB
2ADD,POKéMON,PILOSWINE
2ADE,POKéMON,CORSOLA
2ADF,POKéMON,REMORAID
2AE0,POKéMON,OCTILLERY
2AE1,POKéMON,DELIBIRD
2AE2,POKéMON,MANTINE
2AE3,POKéMON,SKARMORY
2AE4,POKéMON,HOUNDOUR
2AE5,POKéMON,HOUNDOOM
2AE6,POKéMON,KINGDRA
2AE7,POKéMON,PHANPY
2AE8,POKéMON,DONPHAN
2AE9,POKéMON,PORYGON2
2AEA,POKéMON,STANTLER
2AEB,POKéMON,SMEARGLE
2AEC,POKéMON,TYROGUE
2AED,POKéMON,HITMONTOP
2AEE,POKéMON,SMOOCHUM
2AEF,POKéMON,ELEKID
2AF0,POKéMON,MAGBY
2AF1,POKéMON,MILTANK
2AF2,POKéMON,BLISSEY
2AF3,POKéMON,RAIKOU
2AF4,POKéMON,ENTEI
2AF5,POKéMON,SUICUNE
2AF6,POKéMON,LARVITAR
2AF7,POKéMON,PUPITAR
2AF8,POKéMON,TYRANITAR
2AF9,POKéMON,LUGIA
2AFA,POKéMON,HO-OH
2AFB,POKéMON,CELEBI
FFFF,-----,-----